"DATASET","SERIES_CODE","OBS_MEASURE","COUNTRY","2016","2017","2018","2019","2020","2021","2022","2023","2024","2025"
"IMF.STA:LS(9.0.0)","HKG.U.PT.A","OBS_VALUE","Hong Kong Special Administrative Region, People's Republic of China","3.383333333333332","3.15","2.808333333333332","2.961333333333332","5.836499999999998","5.408333333333332","4.318","2.949","2.988",""
"IMF.STA:LS(9.0.0)","ALB.U.PT.A","OBS_VALUE","Albania","15.42275","13.62025","12.30425","11.46775","11.64125","11.477","10.787","10.66925","",""
"IMF.STA:LS(9.0.0)","SVN.U.PT.A","OBS_VALUE","Slovenia, Republic of","8.008333333333332","6.575000000000002","5.125","4.441666666666668","4.983333333333332","4.774999999999998","4.025","3.658333333333335","3.708333333333332",""
"IMF.STA:LS(9.0.0)","MKD.U.PT.A","OBS_VALUE","North Macedonia, Republic of","24.31325","22.8575","21.21125","17.4155","16.5745","15.80025","14.47675","13.11325","12.266",""
"IMF.STA:LS(9.0.0)","BHS.U.PT.A","OBS_VALUE","Bahamas, The","12.7","9.8","10","9.336","","","","8.645","",""
"IMF.STA:LS(9.0.0)","PAN.U.PT.A","OBS_VALUE","Panama","4.843","5.461","5.313","6.409","18.548","10.293","8.281","6.678","8.607",""
"IMF.STA:LS(9.0.0)","IND.U.PT.A","OBS_VALUE","India","","","7.6525","6.54075","7.90425","6.40275","4.85525","4.1735","4.1755",""
"IMF.STA:LS(9.0.0)","USA.U.PT.A","OBS_VALUE","United States","4.869166666666665","4.3575","3.895833333333335","3.668333333333332","8.093333333333335","5.353333333333332","3.641666666666668","3.625","4.033333333333332",""
"IMF.STA:LS(9.0.0)","PER.U.PT.A","OBS_VALUE","Peru","6.58375","6.669833333333335","6.455333333333332","6.40525","7.185333333333335","4.8555","4.295666666666665","4.898416666666668","5.202583333333332",""
"IMF.STA:LS(9.0.0)","JOR.U.PT.A","OBS_VALUE","Jordan","15.275","18.121","18.2645","16.8215","19.213","19.8465","18.20325","16.62475","",""
"IMF.STA:LS(9.0.0)","CIV.U.PT.A","OBS_VALUE","Côte d'Ivoire","1.896","3.273","","2.401","","","2.31","","",""
"IMF.STA:LS(9.0.0)","ECU.U.PT.A","OBS_VALUE","Ecuador","4.59725","3.83625","3.528","3.80925","6.116","4.505083333333332","3.71325","3.3165","3.36225",""
"IMF.STA:LS(9.0.0)","UGA.U.PT.A","OBS_VALUE","Uganda","","3.428","","2.563","","3.416","","","",""
"IMF.STA:LS(9.0.0)","MAC.U.PT.A","OBS_VALUE","Macao Special Administrative Region, People's Republic of China","1.91325","1.981","1.8035","1.72975","2.54375","","","","",""
"IMF.STA:LS(9.0.0)","COL.U.PT.A","OBS_VALUE","Colombia","8.929416666666668","9.093","9.365583333333332","10.28608333333333","15.69725","13.90266666666667","10.55041666666666","9.600166666666665","9.626583333333332",""
"IMF.STA:LS(9.0.0)","BRA.U.PT.A","OBS_VALUE","Brazil","11.26254740070845","12.77208250269143","12.25811828865295","11.92889885364149","13.48539879861438","13.50020835478018","9.519878971241888","8.045561784237758","6.933747097345352",""
"IMF.STA:LS(9.0.0)","MNE.U.PT.A","OBS_VALUE","Montenegro","17.74225","16.10175","15.206","15.1305","17.94625","16.64875","14.88275","13.146","",""
"IMF.STA:LS(9.0.0)","BEN.U.PT.A","OBS_VALUE","Benin","","","1.473","1.214","","","1.685","","",""
"IMF.STA:LS(9.0.0)","ESP.U.PT.A","OBS_VALUE","Spain","19.65","17.23333333333333","15.26666666666667","14.10833333333333","15.53333333333333","14.93333333333333","13.03333333333333","12.19166666666667","11.35833333333333",""
"IMF.STA:LS(9.0.0)","SRB.U.PT.A","OBS_VALUE","Serbia, Republic of","15.26275","13.495","12.75625","10.40175","8.99025","9.86475","8.443","8.2695","7.24175",""
"IMF.STA:LS(9.0.0)","GTM.U.PT.A","OBS_VALUE","Guatemala","2.583","2.462","2.283","2.193","","2.174","3.051","2.344","",""
"IMF.STA:LS(9.0.0)","SAU.U.PT.A","OBS_VALUE","Saudi Arabia","5.65","5.89025","6.0295","5.6365","7.6505","6.62025","5.59075","4.01275","3.517",""
"IMF.STA:LS(9.0.0)","CRI.U.PT.A","OBS_VALUE","Costa Rica","9.484606077948615","9.207240128460132","9.899431898903908","11.77959161621786","19.12575696747809","16.79532608384718","11.50867101083333","8.30275","6.941",""
"IMF.STA:LS(9.0.0)","GBR.U.PT.A","OBS_VALUE","United Kingdom","4.825","4.35","4.016666666666665","3.766666666666668","4.4215","4.21875","3.7675","4.02525","4.36",""
"IMF.STA:LS(9.0.0)","MYS.U.PT.A","OBS_VALUE","Malaysia","3.44","8.3525","3.345166666666668","3.311","6.033666666666668","4.64","3.93","","",""
"IMF.STA:LS(9.0.0)","SLE.U.PT.A","OBS_VALUE","Sierra Leone","","","3.193","","","","","","",""
"IMF.STA:LS(9.0.0)","SLV.U.PT.A","OBS_VALUE","El Salvador","4.418","4.385","4.006","4.17","5.008","4.327","2.999","2.992","",""
"IMF.STA:LS(9.0.0)","MAR.U.PT.A","OBS_VALUE","Morocco","9.30025","","","","","12.28","11.79","","",""
"IMF.STA:LS(9.0.0)","GEO.U.PT.A","OBS_VALUE","Georgia","16.604","13.9385","12.66775","11.5585","11.083","20.2325","16.9205","","",""
"IMF.STA:LS(9.0.0)","SGP.U.PT.A","OBS_VALUE","Singapore","2.95","2.2","","","","","","","",""
"IMF.STA:LS(9.0.0)","CHN.U.PT.A","OBS_VALUE","China, People's Republic of","","3.9","4.93","5.149999999999998","5.61","5.11","","","",""
"IMF.STA:LS(9.0.0)","UKR.U.PT.A","OBS_VALUE","Ukraine","9.35","9.515","8.80475","8.1995","9.49375","9.825","","","",""
"IMF.STA:LS(9.0.0)","ETH.U.PT.A","OBS_VALUE","Ethiopia, The Federal Democratic Republic of","","","","","","3.935","","","",""
"IMF.STA:LS(9.0.0)","IDN.U.PT.A","OBS_VALUE","Indonesia","4.301","3.783","4.387","3.59","4.255","3.827","3.462","3.308","",""
"IMF.STA:LS(9.0.0)","LKA.U.PT.A","OBS_VALUE","Sri Lanka","4.24325","4.04675","4.31725","4.66975","5.36425","4.97925","4.533","","",""
"IMF.STA:LS(9.0.0)","AZE.U.PT.A","OBS_VALUE","Azerbaijan, Republic of","4.977","5","4.9","5","7.24","6.04","5.65","","",""
"IMF.STA:LS(9.0.0)","KWT.U.PT.A","OBS_VALUE","Kuwait","2.16","","","","","","","","",""
"IMF.STA:LS(9.0.0)","DZA.U.PT.A","OBS_VALUE","Algeria","10.202","12","","","","","","","",""
"IMF.STA:LS(9.0.0)","TUN.U.PT.A","OBS_VALUE","Tunisia","15.514","15.37925","15.4585","15.13425","","","15.30175","15.09625","",""
"IMF.STA:LS(9.0.0)","NIC.U.PT.A","OBS_VALUE","Nicaragua","3.9","3.3","5.2","","","","","","",""
"IMF.STA:LS(9.0.0)","NAM.U.PT.A","OBS_VALUE","Namibia","23.352","","19.877","","","","","","",""
"IMF.STA:LS(9.0.0)","SMR.U.PT.A","OBS_VALUE","San Marino, Republic of","6.45","7.89","7.83","7.54","7.23","6.34","4.91","","",""
"IMF.STA:LS(9.0.0)","COD.U.PT.A","OBS_VALUE","Congo, Democratic Republic of the","","","","","1.466","","","","",""
"IMF.STA:LS(9.0.0)","KAZ.U.PT.A","OBS_VALUE","Kazakhstan, Republic of","4.9595","4.904","4.847","4.80375","4.89","","4.86","","",""
"IMF.STA:LS(9.0.0)","QAT.U.PT.A","OBS_VALUE","Qatar","0.16275","0.136","0.108","0.1","0.14","0.14","0.13","","",""
"IMF.STA:LS(9.0.0)","BDI.U.PT.A","OBS_VALUE","Burundi","","","","","1.03","","","","",""
"IMF.STA:LS(9.0.0)","CPV.U.PT.A","OBS_VALUE","Cabo Verde","","12.24","12.17","11.29","","","","","",""
"IMF.STA:LS(9.0.0)","AFG.U.PT.A","OBS_VALUE","Afghanistan, Islamic Republic of","","11.184","","","11.71","5.679","","","",""
"IMF.STA:LS(9.0.0)","TCD.U.PT.A","OBS_VALUE","Chad","","","1.135","","","","","","",""
"IMF.STA:LS(9.0.0)","IRQ.U.PT.A","OBS_VALUE","Iraq","10.82","13.02","","","","16.173","","","",""
"IMF.STA:LS(9.0.0)","MLI.U.PT.A","OBS_VALUE","Mali","1.367","7.414","1.62","","3.528","","","","",""
"IMF.STA:LS(9.0.0)","KIR.U.PT.A","OBS_VALUE","Kiribati","","","","8.557","10.971","","","","",""
"IMF.STA:LS(9.0.0)","MHL.U.PT.A","OBS_VALUE","Marshall Islands, Republic of the","","","","6.342","","9.823","","","",""
"IMF.STA:LS(9.0.0)","PNG.U.PT.A","OBS_VALUE","Papua New Guinea","","","","","","","2.689","","",""
"IMF.STA:LS(9.0.0)","MWI.U.PT.A","OBS_VALUE","Malawi","","3.77","","","0.907","","","","",""
"IMF.STA:LS(9.0.0)","SOM.U.PT.A","OBS_VALUE","Somalia","","","","18.828","","","","","",""
"IMF.STA:LS(9.0.0)","MDG.U.PT.A","OBS_VALUE","Madagascar, Republic of","","","","","","","3.186","","",""
"IMF.STA:LS(9.0.0)","LSO.U.PT.A","OBS_VALUE","Lesotho, Kingdom of","","","","16.876","","","","","",""
"IMF.STA:LS(9.0.0)","TGO.U.PT.A","OBS_VALUE","Togo","","3.744","","2.056","","","","","",""
"IMF.STA:LS(9.0.0)","SDN.U.PT.A","OBS_VALUE","Sudan","","","","","","","7.53","","",""
"IMF.STA:LS(9.0.0)","GUY.U.PT.A","OBS_VALUE","Guyana","","","13.62725","13.16625","","","","","",""
"IMF.STA:LS(9.0.0)","PLW.U.PT.A","OBS_VALUE","Palau, Republic of","","","","","0.765","","","","",""
"IMF.STA:LS(9.0.0)","NER.U.PT.A","OBS_VALUE","Niger","","7.769","","0.544","","","","","",""
"IMF.STA:LS(9.0.0)","MRT.U.PT.A","OBS_VALUE","Mauritania, Islamic Republic of","","10.336","","10.416","","","","","",""
"IMF.STA:LS(9.0.0)","LBN.U.PT.A","OBS_VALUE","Lebanon","","","","11.301","","","","","",""
"IMF.STA:LS(9.0.0)","TLS.U.PT.A","OBS_VALUE","Timor-Leste, Democratic Republic of","4.657","","","","","2.344","1.537","","",""
"IMF.STA:LS(9.0.0)","COM.U.PT.A","OBS_VALUE","Comoros, Union of the","","","","","","4.394","","","",""
"IMF.STA:LS(9.0.0)","DJI.U.PT.A","OBS_VALUE","Djibouti","","26.064","","","","","","","",""
"IMF.STA:LS(9.0.0)","OMN.U.PT.A","OBS_VALUE","Oman","3.266","","1.8","","2.94","1.9","3.3","","",""
"IMF.STA:LS(9.0.0)","MSR.U.PT.A","OBS_VALUE","Montserrat, United Kingdom-British Overseas Territory","","","","","8.332","","","","",""
"IMF.STA:LS(9.0.0)","MDV.U.PT.A","OBS_VALUE","Maldives","5.771","","","4.562","","","","","",""
"IMF.STA:LS(9.0.0)","VUT.U.PT.A","OBS_VALUE","Vanuatu","","","","5.445","4.046","","","","",""
"IMF.STA:LS(9.0.0)","THA.U.PT.A","OBS_VALUE","Thailand","0.9883333333333332","1.178831494919368","1.063333333333334","0.9916666666666665","","","","0.9791666666666665","0.9983333333333332",""
"IMF.STA:LS(9.0.0)","LTU.U.PT.A","OBS_VALUE","Lithuania, Republic of","7.9","7.116666666666668","6.183333333333332","6.283333333333335","8.516666666666668","7.141666666666668","5.949999999999998","6.875","7.133333333333332",""
"IMF.STA:LS(9.0.0)","NOR.U.PT.A","OBS_VALUE","Norway","4.908333333333332","4.366666666666668","3.991666666666665","3.875","4.75","4.458333333333335","3.233333333333332","3.583333333333332","4.025",""
"IMF.STA:LS(9.0.0)","SWE.U.PT.A","OBS_VALUE","Sweden","7.058333333333332","6.783333333333332","6.433333333333335","6.908333333333335","8.483333333333332","8.891666666666668","7.483333333333332","7.666666666666668","8.349999999999998",""
"IMF.STA:LS(9.0.0)","ROU.U.PT.A","OBS_VALUE","Romania","7.2","6.091666666666665","5.25","4.891666666666668","6.075","5.608333333333332","5.625","5.566666666666668","5.433333333333335",""
"IMF.STA:LS(9.0.0)","HUN.U.PT.A","OBS_VALUE","Hungary","4.883333333333335","4.05","3.491666666666668","3.258333333333332","4.125","4.05","3.666666666666668","4.083333333333332","4.391666666666665",""
"IMF.STA:LS(9.0.0)","CAN.U.PT.A","OBS_VALUE","Canada","7.040166666666668","6.429","5.837583333333332","5.69175","9.697749999999998","7.537","5.283416666666668","5.41325","6.347833333333332",""
"IMF.STA:LS(9.0.0)","AUT.U.PT.A","OBS_VALUE","Austria","6.45","5.925","5.208333333333332","4.841666666666665","6.025","6.2","4.758333333333332","5.108333333333335","5.175",""
"IMF.STA:LS(9.0.0)","GRC.U.PT.A","OBS_VALUE","Greece","23.875","21.84166666666667","19.74166666666666","17.88333333333334","17.61666666666666","14.79166666666666","12.45833333333334","11.08333333333334","10.11666666666666",""
"IMF.STA:LS(9.0.0)","POL.U.PT.A","OBS_VALUE","Poland, Republic of","6.283333333333332","4.958333333333332","3.9","3.233333333333335","3.141666666666668","3.383333333333335","2.883333333333332","2.816666666666668","2.9",""
"IMF.STA:LS(9.0.0)","ITA.U.PT.A","OBS_VALUE","Italy","11.75","11.25833333333333","10.6","9.933333333333332","9.3","9.558333333333332","8.075","7.666666666666668","6.516666666666668",""
"IMF.STA:LS(9.0.0)","JPN.U.PT.A","OBS_VALUE","Japan","3.13225","2.8225","2.467416666666666","2.350666666666667","2.809","2.808333333333332","2.614416666666668","2.566666666666668","2.55",""
"IMF.STA:LS(9.0.0)","DNK.U.PT.A","OBS_VALUE","Denmark","5.983333333333332","5.816666666666665","5.15","5.025","5.625000000000002","5.108333333333335","4.475","5.108333333333332","6.191666666666668",""
"IMF.STA:LS(9.0.0)","NLD.U.PT.A","OBS_VALUE","Netherlands, The","7","5.875","4.866666666666665","4.433333333333332","4.85","4.225","3.541666666666668","3.541666666666665","3.666666666666668",""
"IMF.STA:LS(9.0.0)","PRT.U.PT.A","OBS_VALUE","Portugal","11.475","9.241666666666665","7.149999999999998","6.650000000000002","7.108333333333335","6.733333333333335","6.175","6.566666666666668","6.458333333333332",""
"IMF.STA:LS(9.0.0)","FIN.U.PT.A","OBS_VALUE","Finland","8.916666666666668","8.766666666666668","7.433333333333332","6.741666666666668","7.725","7.675","6.766666666666668","7.216666666666668","8.383333333333332",""
"IMF.STA:LS(9.0.0)","ZMB.U.PT.A","OBS_VALUE","Zambia","","4.732","5.032","5.538","6.032","5.649","6.098","5.95","",""
"IMF.STA:LS(9.0.0)","IRN.U.PT.A","OBS_VALUE","Iran, Islamic Republic of","12.617","12.23375","12.1955","10.74","9.686","9.28","9.0815","8.12875","",""
"IMF.STA:LS(9.0.0)","DOM.U.PT.A","OBS_VALUE","Dominican Republic","7.28575","5.829","5.8555","6.354916666666665","6.07125","7.703083333333332","5.501083333333332","5.556833333333332","5.309916666666668",""
"IMF.STA:LS(9.0.0)","KGZ.U.PT.A","OBS_VALUE","Kyrgyz Republic","4.02025","3.28275","4.58675","5.4835","5.9825","5.17825","4.80025","3.51725","",""
"IMF.STA:LS(9.0.0)","MUS.U.PT.A","OBS_VALUE","Mauritius","6.826583333333332","6.765916666666665","6.434833333333332","6.33225","8.627","7.3275","6.346","5.57475","",""
"IMF.STA:LS(9.0.0)","BTN.U.PT.A","OBS_VALUE","Bhutan","","8.3525","9.22","9.8425","11.535","4.804","5.947","3.126","3.282",""
"IMF.STA:LS(9.0.0)","DEU.U.PT.A","OBS_VALUE","Germany","3.9","3.525","3.191666666666668","2.95","3.625","3.6","3.141666666666668","3.083333333333332","3.391666666666665",""
"IMF.STA:LS(9.0.0)","LAO.U.PT.A","OBS_VALUE","Lao People's Democratic Republic","","3.269","","","","","1.209","","",""
"IMF.STA:LS(9.0.0)","BFA.U.PT.A","OBS_VALUE","Burkina Faso","","","4.695","1.56","","","1.927","5.348","3.441",""
"IMF.STA:LS(9.0.0)","KOR.U.PT.A","OBS_VALUE","Korea, Republic of","3.652833333333332","3.655","3.825083333333335","3.74925","3.931083333333332","3.648583333333332","2.861333333333332","2.67875","2.786583333333332",""
"IMF.STA:LS(9.0.0)","BGR.U.PT.A","OBS_VALUE","Bulgaria","8.583333333333335","7.166666666666665","6.216666666666668","5.191666666666668","6.058333333333335","5.175","4.158333333333332","4.341666666666665","4.183333333333335",""
"IMF.STA:LS(9.0.0)","IRL.U.PT.A","OBS_VALUE","Ireland","8.408333333333332","6.75","5.8","5.008333333333332","5.858333333333332","6.258333333333335","4.466666666666668","4.308333333333332","4.3",""
"IMF.STA:LS(9.0.0)","ATG.U.PT.A","OBS_VALUE","Antigua and Barbuda","","","8.78","","","","","5.37","",""
"IMF.STA:LS(9.0.0)","GIN.U.PT.A","OBS_VALUE","Guinea","","","","5.018","","","","","",""
"IMF.STA:LS(9.0.0)","TZA.U.PT.A","OBS_VALUE","Tanzania, United Republic of","3.86","3.4175","3.2825","3.4825","4.4775","","","","",""
"IMF.STA:LS(9.0.0)","RUS.U.PT.A","OBS_VALUE","Russian Federation","5.523944830074982","5.194728656165482","4.793687189312445","4.597085228081212","5.763728217238902","4.834202866638158","3.951648773044165","3.158089844874135","2.516934658484465",""
"IMF.STA:LS(9.0.0)","MDA.U.PT.A","OBS_VALUE","Moldova, Republic of","1.592","1.625","1.24325","1.50675","1.209","0.79725","0.9105","1.57325","1.42775",""
"IMF.STA:LS(9.0.0)","URY.U.PT.A","OBS_VALUE","Uruguay","7.861916666666665","7.927666666666665","8.374","8.874083333333335","10.41375","9.338083333333332","7.877083333333332","8.355583333333335","8.211416666666668",""
"IMF.STA:LS(9.0.0)","PHL.U.PT.A","OBS_VALUE","Philippines","2.69675","2.557","2.33825","2.235","2.47125","3.8965","3.086583333333332","2.501333333333332","",""
"IMF.STA:LS(9.0.0)","NZL.U.PT.A","OBS_VALUE","New Zealand","5.1","4.725","4.275","4.1","4.6","3.8","3.3","3.775","4.75",""
"IMF.STA:LS(9.0.0)","SEN.U.PT.A","OBS_VALUE","Senegal","4.455","4.078","3.567","2.8735","","","5.06175","4.6745","5.82725",""
"IMF.STA:LS(9.0.0)","KEN.U.PT.A","OBS_VALUE","Kenya","2.757","","","5.014","","5.587","5.4515","","",""
"IMF.STA:LS(9.0.0)","SYC.U.PT.A","OBS_VALUE","Seychelles","3.98025","3.7555","3.5295","2.9365","4.3175","","","2.934","2.593",""
"IMF.STA:LS(9.0.0)","TUV.U.PT.A","OBS_VALUE","Tuvalu","8.489","26.553","","","","","7.318","","",""
"IMF.STA:LS(9.0.0)","MNG.U.PT.A","OBS_VALUE","Mongolia","7.23525","6.375","5.35475","9.09025","6.41325","7.94475","5.991","5.185","5.80975",""
"IMF.STA:LS(9.0.0)","VNM.U.PT.A","OBS_VALUE","Vietnam","1.8465","1.872","1.14825","1.681","2.10425","2.236","1.57","1.60675","1.52925",""
"IMF.STA:LS(9.0.0)","CHE.U.PT.A","OBS_VALUE","Switzerland","4.916666666666668","4.8","4.708333333333332","4.391666666666668","4.8","5.008333333333332","4.125","4.041666666666668","4.341666666666668",""
"IMF.STA:LS(9.0.0)","SVK.U.PT.A","OBS_VALUE","Slovak Republic","9.658333333333332","8.083333333333332","6.508333333333332","5.716666666666665","6.658333333333335","6.824999999999998","6.15","5.85","5.341666666666668",""
"IMF.STA:LS(9.0.0)","TTO.U.PT.A","OBS_VALUE","Trinidad and Tobago","3.2065","","","3.528","4.21475","4.438","4.38275","3.36825","",""
"IMF.STA:LS(9.0.0)","BWA.U.PT.A","OBS_VALUE","Botswana","","","","20.094","21.017","23.106","23.615","23.381","24.433",""
"IMF.STA:LS(9.0.0)","GHA.U.PT.A","OBS_VALUE","Ghana","","3.369","","","","3.195","2.8615","","",""
"IMF.STA:LS(9.0.0)","MMR.U.PT.A","OBS_VALUE","Myanmar","","4.66025","5.06725","5.0925","11.535","","","","",""
"IMF.STA:LS(9.0.0)","RWA.U.PT.A","OBS_VALUE","Rwanda","","11.875","10.759","11.236","13.5615","15.64475","15.0625","12.356","11.3295",""
"IMF.STA:LS(9.0.0)","KHM.U.PT.A","OBS_VALUE","Cambodia","0.716","0.141","","0.499","0.172","0.396","","0.256","",""
"IMF.STA:LS(9.0.0)","PAK.U.PT.A","OBS_VALUE","Pakistan","2.286","","4.6455","4.83","6.74","6.338","","","",""
"IMF.STA:LS(9.0.0)","JAM.U.PT.A","OBS_VALUE","Jamaica","8.634","7.399","5.46775","4.986","6.501","5.1915","4.083","3.022","",""
"IMF.STA:LS(9.0.0)","HND.U.PT.A","OBS_VALUE","Honduras","6.727","5.528","5.648","5.698","10.983","8.506","8.774","6.071","4.91",""
"IMF.STA:LS(9.0.0)","NPL.U.PT.A","OBS_VALUE","Nepal","","8.3525","9.22","9.8425","11.535","","","","",""
"IMF.STA:LS(9.0.0)","MOZ.U.PT.A","OBS_VALUE","Mozambique, Republic of","","","","","","","6.789","","",""
"IMF.STA:LS(9.0.0)","FJI.U.PT.A","OBS_VALUE","Fiji, Republic of","4.32","","","","","","","","5.361",""
"IMF.STA:LS(9.0.0)","GMB.U.PT.A","OBS_VALUE","Gambia, The","","","4.055","","","","","6.479","",""
"IMF.STA:LS(9.0.0)","BOL.U.PT.A","OBS_VALUE","Bolivia","3.493666666666668","3.664416666666665","3.523083333333335","3.959583333333332","8.464583333333332","5.075416666666665","3.5405","2.982083333333332","2.79",""
"IMF.STA:LS(9.0.0)","WBG.U.PT.A","OBS_VALUE","West Bank and Gaza","23.93725","25.67025","26.273","25.3485","25.90475","26.409","24.42225","24.92625","31.46375",""
"IMF.STA:LS(9.0.0)","MLT.U.PT.A","OBS_VALUE","Malta","4.7","4.008333333333332","3.958333333333332","4.083333333333332","4.85","3.766666666666665","3.475","3.483333333333332","3.2",""
"IMF.STA:LS(9.0.0)","BGD.U.PT.A","OBS_VALUE","Bangladesh","4.35","4.372","","","","","4.59125","3.3515","3.64575",""
"IMF.STA:LS(9.0.0)","AGO.U.PT.A","OBS_VALUE","Angola","","","","16.431","","15.766","14.094","","",""
"IMF.STA:LS(9.0.0)","ZAF.U.PT.A","OBS_VALUE","South Africa","26.536","27.29575","26.9055","28.461","28.96625","34.0055","33.277","32.102","32.27925",""
"IMF.STA:LS(9.0.0)","BRB.U.PT.A","OBS_VALUE","Barbados","8.247","8.62","8.321","8.41","","11.015","7.261","6.54","",""
"IMF.STA:LS(9.0.0)","ISR.U.PT.A","OBS_VALUE","Israel","4.722916666666668","4.140083333333332","3.91475","3.73075","4.169916666666668","4.810916666666665","3.69125","3.37025","2.901833333333332",""
"IMF.STA:LS(9.0.0)","BLR.U.PT.A","OBS_VALUE","Belarus, Republic of","5.844","5.648","4.763","4.165","4.049","3.925","3.574","3.461","3.04",""
"IMF.STA:LS(9.0.0)","CMR.U.PT.A","OBS_VALUE","Cameroon","","","","","","3.275","","","",""
"IMF.STA:LS(9.0.0)","TUR.U.PT.A","OBS_VALUE","Türkiye, Republic of","10.90833333333334","10.925","10.9","13.73333333333334","13.14166666666666","12.03333333333333","10.48333333333333","9.391666666666668","8.733333333333332",""
"IMF.STA:LS(9.0.0)","CHL.U.PT.A","OBS_VALUE","Chile","6.92925","7.294583333333332","7.660583333333335","7.589","11.312","9.432750000000002","8.317999999999998","9.08775","8.761",""
"IMF.STA:LS(9.0.0)","EGY.U.PT.A","OBS_VALUE","Egypt, Arab Republic of","12.44125","11.7735","9.846","7.85025","8.00975","7.4405","7.34425","6.75725","5.946",""
"IMF.STA:LS(9.0.0)","AUS.U.PT.A","OBS_VALUE","Australia","5.714166666666665","5.60625","5.308999999999998","5.165","6.443083333333332","5.140333333333332","3.725166666666668","3.687083333333335","4.01425",""
"IMF.STA:LS(9.0.0)","SUR.U.PT.A","OBS_VALUE","Suriname","7.917","","","","","","","","",""
"IMF.STA:LS(9.0.0)","ARE.U.PT.A","OBS_VALUE","United Arab Emirates","1.64","2.462","2.236","2.331","4.294","3.105","2.873","2.151","1.88",""
"IMF.STA:LS(9.0.0)","ARG.U.PT.A","OBS_VALUE","Argentina","","8.3555","9.221","9.842","11.53725","8.74825","6.806","6.14175","7.1255",""
"IMF.STA:LS(9.0.0)","BIH.U.PT.A","OBS_VALUE","Bosnia and Herzegovina","25.408","20.527","36.01487541427848","33.370125480783","33.80384053071305","32.37827463837475","16.84887148213542","10.67","10.714",""
"IMF.STA:LS(9.0.0)","ARM.U.PT.A","OBS_VALUE","Armenia, Republic of","17.636","17.73125","13.28725","12.35225","12.0225","10.08325","7.93775","8.298","",""
"IMF.STA:LS(9.0.0)","LUX.U.PT.A","OBS_VALUE","Luxembourg","6.333333333333332","5.616666666666668","5.5","5.591666666666668","6.691666666666668","5.425","4.6","5.216666666666668","6.3",""
"IMF.STA:LS(9.0.0)","BLZ.U.PT.A","OBS_VALUE","Belize","7","6.596","9.346","9.053","29.58","10.157","","","",""
"IMF.STA:LS(9.0.0)","MEX.U.PT.A","OBS_VALUE","Mexico","3.85375","3.41925","3.2735","3.47675","4.354333333333332","3.954416666666665","3.174","2.714583333333332","2.59325","2.446"
"IMF.STA:LS(9.0.0)","VEN.U.PT.A","OBS_VALUE","Venezuela, República Bolivariana de","5.319","5.045","","","7.53","","","","",""
"IMF.STA:LS(9.0.0)","ISL.U.PT.A","OBS_VALUE","Iceland","3.441666666666668","3.283333333333332","3.133333333333332","3.9","6.249999999999998","5.85","3.575","3.366666666666668","3.358333333333332",""
"IMF.STA:LS(9.0.0)","TJK.U.PT.A","OBS_VALUE","Tajikistan, Republic of","0.081","","","","","","","","",""
"IMF.STA:LS(9.0.0)","BEL.U.PT.A","OBS_VALUE","Belgium","7.85","7.1","5.958333333333332","5.366666666666668","5.541666666666668","6.275","5.575","5.525","5.7",""
"IMF.STA:LS(9.0.0)","LVA.U.PT.A","OBS_VALUE","Latvia, Republic of","9.633333333333332","8.708333333333332","7.4","6.316666666666668","8.091666666666668","7.575","6.858333333333335","6.508333333333332","6.933333333333335",""
"IMF.STA:LS(9.0.0)","TON.U.PT.A","OBS_VALUE","Tonga","1.054","","2.248","","","2.111","","1.652","",""
"IMF.STA:LS(9.0.0)","CZE.U.PT.A","OBS_VALUE","Czech Republic","3.966666666666668","2.908333333333332","2.266666666666667","2.016666666666666","2.55","2.808333333333332","2.4","2.633333333333332","2.775",""
"IMF.STA:LS(9.0.0)","ZWE.U.PT.A","OBS_VALUE","Zimbabwe","","","","7.373","","9.459","10.05275","9.354","12.13",""
"IMF.STA:LS(9.0.0)","SWZ.U.PT.A","OBS_VALUE","Eswatini, Kingdom of","22.718","","","","","34.153","","34.61","",""
"IMF.STA:LS(9.0.0)","STP.U.PT.A","OBS_VALUE","São Tomé and Príncipe, Democratic Republic of","","8.808","","","","","","","",""
"IMF.STA:LS(9.0.0)","PRY.U.PT.A","OBS_VALUE","Paraguay","5.998439437121114","5.200670749018458","5.674142184158245","5.64792911526175","6.933933582568496","6.73608750978083","6.665855378136136","5.861343855004854","5.7282094828984",""
"IMF.STA:LS(9.0.0)","BRN.U.PT.A","OBS_VALUE","Brunei Darussalam","","9.316","8.7","6.6","7.409","4.905","5.191","5.296","4.871",""
"IMF.STA:LS(9.0.0)","LCA.U.PT.A","OBS_VALUE","St. Lucia","","18.94475","19.101","15.36475","20.405","19.58","15.75325","12.01175","10.071",""
"IMF.STA:LS(9.0.0)","NGA.U.PT.A","OBS_VALUE","Nigeria","7.05575","8.3695","","10.695","","","3.827","3.074","3.45625",""
"IMF.STA:LS(9.0.0)","GRD.U.PT.A","OBS_VALUE","Grenada","","","13.658","9.7895","12.974","13.035","","6.34","",""
"IMF.STA:LS(9.0.0)","EST.U.PT.A","OBS_VALUE","Estonia, Republic of","6.833333333333332","5.808333333333332","5.391666666666665","4.483333333333332","6.883333333333332","6.208333333333332","5.575","6.416666666666668","7.608333333333332",""
"IMF.STA:LS(9.0.0)","GNB.U.PT.A","OBS_VALUE","Guinea-Bissau","","","3.127","2.52","","","2.666","","",""
"IMF.STA:LS(9.0.0)","LBR.U.PT.A","OBS_VALUE","Liberia","3.081","5.931","","","","","","","",""
"IMF.STA:LS(9.0.0)","HRV.U.PT.A","OBS_VALUE","Croatia, Republic of","13.275","10.94166666666667","8.3","6.566666666666668","7.65","7.5","6.724999999999998","6.066666666666665","5.125",""
"IMF.STA:LS(9.0.0)","CYP.U.PT.A","OBS_VALUE","Cyprus","13","11.09166666666666","8.408333333333335","7.15","7.591666666666668","7.191666666666668","6.283333333333332","5.841666666666665","4.875",""
"IMF.STA:LS(9.0.0)","FRA.U.PT.A","OBS_VALUE","France","10.05833333333333","9.416666666666665","9.016666666666668","8.441666666666668","8.033333333333332","7.875","7.316666666666668","7.35","7.391666666666668",""
